OSST size,Number of steps,Expected return
10,7,-0.8088904437499997
20,7,-0.8088904437499995
50,500,0.0
100,7,-0.8122342062499999
200,500,5.3403208544715216e-12
500,500,0.0
1000,500,6.379707721285011e-12
2000,500,4.957383764550979e-12
5000,500,9.83103530649375e-12
10000,500,9.532564348451688e-12
